Kenan,West,kenws@gmail.com,86df559248ac40d842fbcdbdabcacaa7
Isabel,James,jamsabel@outlook.com,0030b41cac2271c2bb7ada86e4adfb11
Casey,Donovan,cass@dikitin.com,9bb668ac41f3b2bcc080b54c6e56ff70
Maxim,Keller,maxi@emvil.com,6033a644bd60a54db3aabff513510325
Maximus,Rodgers,rodm@boranora.com,92ddf92e86e947fb806fcec13e7fc31b
Sebastian,Soto,sebsot@gmaiiil.live,27744573e8d75733901acc009e379de9
Monty,Mccall,montm@tellectualpress.com,eaecc8f602b90d4ce77f0e2f76bf44c5
Desiree,Banks,bankz@gmailni.com,be7bc4e62787286f642046572c049b6b
Franco,Vo,franvo@oisg.org,445f1a0325b253df5396eebffcff7725
Kian,Waller,kianwlr@anatolygroup.com,fe0fdc4fac3d74e410d0c0939d6f49a7
Claudia,Mcgill,cmcgill@hotmail.reds,a695fa3e19201524683f986a2ef934dc
Chris,Wagner,wagris@filevino.com,c96f24c9cf2a9e6bc84ab05f3d52a461
Taylan,Wilson,taylan@kuntul.buzz,500ffdf642501235cfb84c58374373b6
Darrel,Lam,lam.dar@unibooks.site,e50091f47979c1a1472c51c1107ea9ff
Codey,Fowler,fowlercy@yt-google.com,38eb236f985b3906d2eb5b60760632e3
Kelsi,Petty,petty.k@yt-google.com,1e662bce69895b9dfa254e9957602e82
Nicolas,Pope,pope@dtecet.com,3e9ed35546d433036a5920918550cac6
Junior,Wells,wells.Jr@werkuldino.buzz,e957d57f9f251507f62e88cb0b19b57a
Braden,Horn,horns@orxy.tech,dca997966f29eea36735b11d2e2a777a
Yusha,Wood,woodsha@exy.email,1ce358432897819657a158a9567a77a0
Dalton,Milner,mil.dal@oormi.com,0f51cf838705b5f517b40cf8ca53ab52
Kacie,Hogan,hogan.ka@buppel.com,d9f8e3c6a3fc0e2482ec8b192a78381e
Denny,Cornish,denn.cor@n3tflx.club,e0ddc8fb101c1806e254ce719a869063
Ziva,Wolf,wolf@dezedd.com,79006c641fc8998d3fba79cc7950ba1f
Zack,Long,zlong@usasba.com,0c2407dbb19bb11108e83696f2418b57
Tate,Swan,tatswan@cemtodi.com,be7fc84a1274dc8653cf48daae96f425
Kara,Gibbs,gibby@petrib.com,8a221719ad7753a725a1c47c17fc272a
Nina,Barton,nina@ilvain.com,9748f5d20eddea40f90d5482f6a011e0
Finn,Salas,finny@macnausa.com,1afa5f736a15f55b5ff71b67135f57bf
Rocco,Chambers,cham.rocco@gmailsl.com,55fa7e4c24aac85b9c528bb568d5e99b,,